"y","x"
0.358734240185128,-0.9334397382363785
0.4175047124276544,-0.8811762393830136
0.4744972396398689,-0.8251695039206485
0.5293187196085689,-0.7653955185592355
0.5815495998989799,-0.7018828992575075
0.6307529361275985,-0.6347227422928634
0.6764869730634214,-0.5640769582345759
0.7183209937232463,-0.49018369984087895
0.7558535567983794,-0.4133585242615796
0.7887316471006807,-0.33399020863634565
0.8166687352400749,-0.2525307554476866
0.8394595656168208,-0.16947999750883544
0.8569897679492475,-0.0853661326801664
0.869239091867063,-0.0007242563199002482
0.8762780654695036,0.0839247448303451
0.8782588617434657,0.1680927427571807
0.8754019307149101,0.25133876921488235
0.8679802973658801,0.3332784969260205
0.8563033883684338,0.4135888214040045
0.840701874011788,0.49200818185024636
0.8215145241230553,0.5683335879968728
0.7990775748351433,0.6424154266225753
0.7737166911877603,0.7141510174028949
0.7457413333157051,0.7834777167052343
0.7154411794310607,0.8503661326193342
0.6830841994912246,0.9148138239762653
0.648915986721165,0.9768396832419239
0.6131599878367255,1.0364790848986258
0.5760183525801297,1.0937797952063446
0.537673168802536,1.1487985947444659
0.49828791234402786,1.2015985364365647
0.458008991182743,1.2522467536727373
0.41696729423164014,1.3008127304659285
0.3752796970656453,1.3473669596285034
0.33305048036275164,1.3919799135038031
0.290372647443615,1.4347212686770425
0.24732913089808262,1.4756593338942814
0.20399388762844217,1.5148606390465789
0.16043288410009848,1.5523896490230422
0.11670498020845038,1.5883085781607065
0.0728627167958607,1.6226772787117245
0.028953016274455477,1.6555531879943644
-0.014982194938508803,1.686991319805395
-0.05890543533714882,1.7170442879709955
-0.10278317988967395,1.7457623539294134
-0.14658542765987534,1.7731934915199943
-0.1902853192037035,1.799383463685104
-0.23385879788129837,1.8243759068511285
-0.2772843099484145,1.8482124198620535
-0.32054253807620603,1.8709326538381374
-0.3636161666067154,1.892574405704862
-0.40648967201397257,1.9131737074090729
-0.44914913666302547,1.9327649141886922
-0.49158208447939916,1.9513807915931207
-0.5337773332751568,1.9690525975841704
-0.5757248640176366,1.9858101622858653
-0.6174157042520213,2.001681964064798
-0.6588418233731063,2.0166952016222313
-0.6999960398396018,2.030875862884773
-0.7408719375994703,2.04424878994461
-0.7814637913652588,2.0568377406467273
-0.8217665000100929,2.0686654468272456
-0.8617755248021547,2.0797536687191385
-0.9014868382045272,2.090123247458696
-0.9408968724625486,2.0997941532496984
-0.9800024780132575,2.10878553150031
-1.018800881995088,2.1171157458896523
-1.0572896544323294,2.1248024191921546
-1.0954666747203903,2.1318624715889665
-1.1333301034215637,2.1383121565944316
-1.1708783552627113,2.14416709510818
-1.2081100757588799,2.1494423072741227
-1.245024119344886,2.1541522426451607
-1.281619529816114,2.158310808453449
-1.3178955225698201,2.1619313963483715
-1.3538514682556866,2.1650269075413506
-1.3894868782767857,2.1676097765026676
-1.4248013912090445,2.169691993340434
-1.459794761055574,2.1712851247934934
-1.4944668443686726,2.1724003346587417
-1.5288175923420289,2.173048401886922
-1.5628470411801763,2.1732397385124638
-1.5965553018658118,2.1729844070537423
-1.6299425543915709,2.1722921355668476
-1.6630090401596944,2.171172332930735
-1.6957550543083253,2.169634103546503
-1.7281809415129077,2.167686260016388
-1.7602870898786018,2.165337336231633
-1.7920739253305784,2.1625955997551616
-1.8235419081214912,2.159469062656724
-1.8546915281046314,2.1559654927259526
-1.8855233005820362,2.152092423948591
-1.9160377635836556,2.147857165785329
-1.9462354741143089,2.1432668128206074
-1.9761170050601824,2.1383282536533774
-2.00568294299929,2.133048178925202
-2.0349338852730545,2.1274330896240827
-2.0638704376665626,2.1214893046753
-2.0924932126580615,2.1152229678938888
-2.1208028271253827,2.1086400551644777
-2.1487999006001726,2.101746380949294
-2.176485053998361,2.0945476042292417
-2.2038589075659343,2.0870492349565977
-2.2309220793287494,2.0792566398594774
-2.257675184568928,2.0711750472115913
-2.2841188345785954,2.0628095520876673
-2.310253634866061,2.0541651219908896
-2.3360801844550405,2.045246601285272
-2.3615990753096243,2.036058715365527
-2.3868108912712143,2.0266060752375408
-2.41171620689236,2.016893182058439
-2.43631558706829,2.0069244307238545
-2.4606095866283293,1.9967041134266037
-2.4845987493223447,1.9862364237298091
-2.5082836072219323,1.9755254601162944
-2.5316646804101715,1.964575229062978
-2.554742476547775,1.9533896482148836
-2.5775174901793356,1.941972549799793
-2.599990202375659,1.9303276835107588
-2.622161080534192,1.9184587191307847
-2.644030577963553,1.9063692493640587
-2.6655991334018454,1.8940627926833888
-2.6868671708159573,1.8815427957143085
-2.7078350992140394,1.8688126355548735
-2.728503312288337,1.8558756222712256
-2.7488721881190896,1.8427350012435038
-2.7689420890403986,1.829393955200207
-2.7887133614706574,1.8158556062721114
-2.808186335617962,1.8021230181801269
-2.8273613253044116,1.7881991981758287
-2.846238627868241,1.7740870988090034
-2.864818524061326,1.759789619658135
-2.883101277689403,1.7453096094630802
-2.9010871354580527,1.7306498678327107
-2.918776326984405,1.7158131466286974
-2.9361690648021552,1.7008021513542664
-2.9532655441520905,1.6856195428318708
-2.970065942662104,1.6702679390760817
-2.986570420295897,1.6547499166335973
-3.0027791193237223,1.639068011810401
-3.01869216428958,1.6232247219014955
-3.0343096618782486,1.6072225065750705
-3.0496317006585523,1.591063789468098
-3.064658351007704,1.5747509593724356
-3.0793896650921675,1.558286371275696
-3.0938256768427763,1.541672347408547
-3.10796640180359,1.5249111784861313
-3.1218118369307546,1.508005125054607
-3.13536196052676,1.4909564185078408
-3.1486167321748217,1.4737672620470623
-3.1615760926707237,1.45643983164288
-3.174239963902409,1.4389762770888364
-3.1866082486799487,1.4213787231551107
-3.198680830638422,1.4036492705160242
-3.2104575741570662,1.385789996606466
-3.221938324275907,1.3678029564811511
-3.233122906559414,1.3496901837666453
-3.2440111269318592,1.3314536916740103
-3.254602771564416,1.3130954738338396
-3.264897606763191,1.294617505092467
-3.274895378855454,1.276021742309842
-3.284595814042766,1.2573101252147902
-3.293998618232729,1.2384845773093471
-3.30310347689782,1.2195470066471483
-3.311910054934117,1.2004993065778329
-3.320417996518439,1.1813433564931473
-3.328626924938604,1.1620810226226284
-3.336536442409885,1.1427141588600003
-3.344146129904009,1.1232446074981193
-3.3514555469734337,1.1036741999448605
-3.358464231575248,1.0840047574335843
-3.365171699882637,1.0642380917192593
-3.371577446064609,1.0443760059489224
-3.377680942070019,1.0244202954246402
-3.3834816374168084,1.0043727482639013
-3.3889789589812906,0.9842351460584886
-3.394172310787444,0.964009264533354
-3.3990610737806715,0.9436968742363401
-3.403644605535288,0.9232997414041979
-3.4079222400241096,0.9028196287067218
-3.4118932873570484,0.8822582959267365
-3.415557033499468,0.8616175006592507
-3.418912739990532,0.8408989990106186
-3.4219596436614275,0.820104546297869
-3.4246969563348553,0.7992358977830041
-3.427123864513017,0.7782948094741391
-3.4292395290796254,0.7572830388586487
-3.4310430849532336,0.7362023456440293
-3.4325336407349667,0.7150544925032984
-3.433710278356255,0.6938412458203949
-3.4345720527241115,0.672564376440688
-3.435117991326036,0.6512256605163251
-3.4353470938769903,0.6298268802759088
-3.435258331941547,0.6083698247723733
-3.4348506484896175,0.5868562907390198
-3.434122957450025,0.5652880834495685
-3.4330741432640712,0.5436670175782101
-3.4317030604320915,0.5219949180737369
-3.4300085330444667,0.5002736210590325
-3.4279893543704443,0.47850497458240254
-3.4256442863458005,0.45669083954838235
-3.422972059021111,0.43483309072555054
-3.4199713700099172,0.41293361775454335
-3.4166408839368687,0.3909943261561577
-3.4129792318662457,0.36901713838536104
-3.408985010750702,0.3470039947961632
-3.4046567829114087,0.32495685447740363
-3.3999930753759315,0.30287769643830365
-3.394992379196306,0.2807685208438275
-3.3896531487671235,0.2586313502500634
-3.383973801142164,0.23646823084360608
-3.3779527153218023,0.21428123374126035
-3.371588231623064,0.19207245594929473
-3.364878650983012,0.169844021491799
-3.35782223412588,0.14759808294732862
-3.350417200723911,0.12533682300418994
-3.342661728558188,0.10306245601570559
-3.3345539526720476,0.08077722958056419
-3.326091964504958,0.05848342611925494
-3.3172738111430182,0.0361833638595515
-3.3080974943866166,0.01387939848601772
-3.29856096972126,-0.008426074844151768
-3.2886621452875744,-0.030730619482248634
-3.27839888085131,-0.05303175526915624
-3.2677689867528477,-0.07532695643429047
-3.2567702228828095,-0.09761364982905549
-3.2454002977259733,-0.11988921371855814
-3.233656867149806,-0.14215097533040102
-3.221537533144771,-0.16439620816550507
-3.209039842564629,-0.18662212930895178
-3.196161285865988,-0.20882589673551805
-3.1828992958138826,-0.2310046064451766
-3.169251246274459,-0.25315529072997023
-3.15521445092808,-0.2752749162430737
-3.1407861617558406,-0.29736038043521373
-3.1259635675106288,-0.31940850787773123
-3.110743792188195,-0.34141604658563157
-3.095123893505081,-0.3633796643892531
-3.0791008614372175,-0.38529594617732976
-3.0626716165087124,-0.4071613906985798
-3.04583300800591,-0.428972406125164
-3.028581812289516,-0.4507253058178912
-3.0109147311092883,-0.4724163041026459
-2.992828389818847,-0.494041511499406
-2.9743193353261823,-0.5155969298163592
-2.9553840342501236,-0.5370784489873148
-2.936018870884398,-0.5584818410421912
-2.9162201451073972,-0.5798027535415603
-2.8959840702993938,-0.6010367029871829
-2.8753067713274874,-0.6221790686749993
-2.8541842822062873,-0.6432250887808468
-2.832612543708837,-0.6641698535674159
-2.8105874011388723,-0.6850082967495109
-2.7881046021077798,-0.7057351868251585
-2.7651597942535475,-0.7263451188822903
-2.7417485225548037,-0.7468325078689796
-2.717866226670294,-0.7671915791853656
-2.6935082385157036,-0.7874163585811381
-2.6686697798560006,-0.8075006621520785
-2.643345959854098,-0.8274380847348239
-2.6175317719679945,-0.847221990287769
-2.591222091161581,-0.866845500716872
-2.5644116716056615,-0.8863014805903037
-2.5370951444369587,-0.9055825217005272
-2.5092670150224823,-0.9246809300401675
-2.4809216591948515,-0.9435887138316958
-2.4520533211106232,-0.9622975650016377
-2.4226561115779988,-0.9807988392930294
-2.392724005858648,-0.9990835375543514
-2.3622508403936013,-1.0171422880295715
-2.331230310862296,-1.0349653238608605
-2.2996559705789235,-1.0525424599492834
-2.267521229265412,-1.0698630676828678
-2.2348193502563216,-1.086916051386399
-2.2015434494499386,-1.1036898199718994
-2.1676864964948037,-1.1201722526349946
-2.1332413146977705,-1.1363506671791217
-2.0982005782743567,-1.1522117905876141
-2.0625568149765394,-1.1677417185506094
-2.026302410784416,-1.182925871543708
-1.9894296113120764,-1.1977489541142943
-1.951930521627735,-1.2121949136320098
-1.9137971152596776,-1.226246884605667
-1.875021243297599,-1.2398871323175948
-1.8355946399760918,-1.2530969980526343
-1.7955089343528312,-1.2658568340954364
-1.7547556640091853,-1.278145936480531
-1.7133262892674883,-1.2899424723433366
-1.6712122118916226,-1.3012234003711127
-1.6284048051500646,-1.3119643778540282
-1.5848954344618882,-1.3221396735162758
-1.5406754909464284,-1.331722064780672
-1.4957364396120663,-1.3406827226506692
-1.4500698555276224,-1.3489910982995106
-1.4036674807387208,-1.3566147914605624
-1.3565212976156078,-1.3635194062723037
-1.3086235978403178,-1.3696684019329275
-1.2599670767452344,-1.3750229256098916
-1.2105449377470647,-1.379541634253945
-1.1603510129360934,-1.3831805006393942
-1.1093799237218003,-1.3858926005755041
-1.0576272343172146,-1.3876278889151796
-1.005089668502351,-1.3883329537256992
-0.9517653479210353,-1.3879507544896248
-0.8976540680980224,-1.3864203420875036
-0.842757618720879,-1.3836765600762506
-0.7870801799528881,-1.3796497284073654
-0.7306287796716481,-1.3742653129128968
-0.6723747950029965,-1.3567581162013234
-0.6128331595578683,-1.3324228225187258
-0.5525261297051267,-1.3064212540619808
-0.49145649375173495,-1.2786137917724403
-0.42963387500518396,-1.2488437105152654
-0.3670770354388249,-1.2169346120939857
-0.30381693918736075,-1.182687459131885
-0.23990084311431756,-1.1458772027771615
-0.17539777449299174,-1.1062490233808482
-0.1104058693530604,-1.0635142873303272
-0.0450622272133452,-1.01734644699893
0.020443867014900426,-0.9673773862739564
0.08585332504219371,-0.9131951436092465
0.15081404343005522,-0.8543447069409024
0.2148510425183033,-0.7903347497531729
0.2773296266927812,-0.7206549847198531
0.33741340637179557,-0.644811150184936
0.39402372122754903,-0.5623868618990701
0.44581557069848166,-0.4731415668205411
0.49119721298949215,-0.37714685393839803
0.5284301698156856,-0.2749431603714963
0.5558378817254729,-0.16766411233461265
0.5721054955864355,-0.05704543513857156
0.5765775165541991,0.05474798307765777
0.5694150540941113,0.16545416986445113
0.5515288871268345,0.27307689576883676
0.5243316026133757,0.37613128110419375
0.48943751817224607,0.473710180592659
0.44842231519578923,0.565410713810868
0.40268370911217544,0.6511997803759593
0.3533891333784453,0.731279984834018
0.3014776170249009,0.8059841776941061
0.24768729285452631,0.8757032083211953
0.1925906178088929,0.9408410582466079
0.13955136952265057,0.9953790897444877
0.09646209530964509,1.0230053740491734
0.053020493565975366,1.0469135664891829
0.009395937202513797,1.0672379371682912
-0.03426030598528007,1.0841008662996094
-0.0778117004531054,1.097613881911944
-0.12113367576011827,1.1078786294690572
-0.16411133754448476,1.1149877599359947
-0.20663756852090567,1.1190257319768828
-0.24861140183002622,1.1200695391921776
-0.2899366353794965,1.1181893634323512
-0.33052061766784313,1.1134491640249733
-0.37027316771876806,1.1059072105983476
-0.40910559912838446,1.095616566173542
-0.4469298111840675,1.0826255300671022
-0.48365743270829303,1.066978046401687
-0.5191989908213165,1.048714086710859
-0.5534630871525319,1.027870014117701
-0.5863555614425159,1.0044789375368735
-0.6177786236871646,0.9785710649378299
-0.6476299327228311,0.9501740672349818
-0.6758016146336635,0.9193134570371875
-0.7021791646381456,0.8860130131003574
-0.7266402387623911,0.8502952537015804
-0.74905328365738,0.8121819899324447
-0.7692759857679908,0.7716949792327101
-0.787153462958777,0.7288567361295946
-0.8025161753490674,0.6836915351666906
-0.8151774593990371,0.6362266964422288
-0.8249306287963917,0.5864942290429462
-0.8315455126534236,0.534532989911194
-0.8347643174152547,0.4803915375965188
-0.8342966428209309,0.4241319695593275
-0.8298134806892563,0.36583510620354365
-0.8209399534528464,0.30560762411554787
-0.8072465628831158,0.24359196506901193
-0.7882387152455967,0.17998027753749218
-0.7633443961450185,0.11503430662607965
-0.7319001759558497,0.04911408477054577
-0.6931365004616228,-0.01728012028993634
-0.6461649894057304,-0.08344596048218235
-0.5899744213830138,-0.1483873697138028
-0.5234505999911185,-0.21067964381493534
-0.4454528301189453,-0.2682764620738849
-0.35501319399083375,-0.31825523600002564
-0.2517759515254065,-0.3565500891992279
-0.13682459072883968,-0.3778770475099649
-0.013877160330705239,-0.3763505779605039
0.0875045430784128,-0.3042036565083206
0.1736314855535757,-0.18908029873996485
0.21795879955052613,-0.033143715279074136
0.18783483756653663,0.13236807619709615
0.09846190594700076,0.25992433800571446
-0.0112018289230551,0.3411047687811274
-0.12081540489628424,0.38815421056097615
-0.2236936180650874,0.4120876298442401
-0.31813112604629484,0.4200507048695185
-0.40403107478473793,0.4165705777399155
-0.4817891845885208,0.4046126537293208
-0.5519195922430417,0.38620291775107174
-0.6149278895348014,0.36278183204176273
-0.6712707078063355,0.33541059487886593
-0.7213465618211445,0.30489595364482924
-0.7654978242845452,0.2718686939251735
-0.8040162164264048,0.2368348083215244
-0.8371489066809468,0.20020998221464026
-0.8651041558310609,0.16234356112962212
-0.8880561793028976,0.12353570000228488
-0.9061491837070712,0.08404999420692924
-0.9195006399896446,0.04412306500983523
-0.9282038839098394,0.003972072659919557
-0.9323301326186445,-0.03619917298329046
-0.9319299934033548,-0.0761950303772159
-0.9270345250519976,-0.11582340992789501
-0.9176558970425149,-0.15489143499024285
-0.9037876778908338,-0.1932011231800119
-0.885404772237792,-0.23054483608215046
-0.8624630180841948,-0.26670022466953897
-0.8348984484434748,-0.30142433938321284
-0.8026262265552817,-0.33444647998256427
-0.76553927483316,-0.36545920446025226
-0.7235066539758132,-0.3941066820583234
-0.6763718436666555,-0.4199691288832444
-0.6239512315012872,-0.4425415364397891
-0.5660335445604738,-0.4612036838865321
-0.46622436698513925,-0.46158236524849694
-0.35545865939335575,-0.45376535647468996
-0.23741390990603076,-0.43646083590005563
-0.1118945599130562,-0.40489208372711427
0.01909034414096661,-0.35153625955049733
0.1473592671023021,-0.2667577381838067
0.25497889385918837,-0.14663821057689413
0.32510103443837135,-0.004485912212373442
0.35875623179585575,0.13932138555842807
0.3673229602622316,0.27419872891386343
0.360522783291748,0.39805970633902793
0.34434472623621065,0.5118215327316126
0.3222714801409514,0.6169740828899356
0.2963684022877954,0.7148937657877725
0.2679081902686225,0.8067141312040702
0.23770650861842038,0.8933417427313535
0.20630487296384514,0.9754998459461761
0.17407385832371647,1.0537695927451731
0.14127364476583387,1.128622914853315
0.10809087911548251,1.2004474499481868
0.0746618877327162,1.269565188949451
0.04108774237663644,1.3362464400333798
0.007444301690426043,1.4007203604387952
-0.026210932887588353,1.4631829785836616
-0.05983403785637489,1.5238033705223655
-0.09339127151614195,1.5827284682644396
-0.12685662251704935,1.6400868416068062
-0.16021001023487783,1.6959917047956186
-0.19343594807261533,1.750543328722868
-0.2265225372643043,1.8038309944004192
-0.25946070152778045,1.8559345881185811
-0.2922435984459456,1.9069259149765354
-0.32486616393194884,1.9568697872655676
-0.35732475559859633,2.005824933707465
-0.38961687176488446,2.053844763686091
-0.42174092882056313,2.1009780132507467
-0.453696083375979,2.147269294600153
-0.4854820897017678,2.1927595657266212
-0.5170991846648896,2.237486533986331
-0.548547994755118,2.281485004135875
-0.5798294592939732,2.3247871818754176
-0.6109447698828177,2.3674229348849103
-0.6418953189282742,2.4094200238641412
-0.6726826577621604,2.450804304705086
-0.7033084628632654,2.4915999054369977
-0.7337745072274157,2.5318293837028243
-0.7640826368945811,2.571513866176387
-0.7942347517491538,2.6106731721301712
-0.8242327894511916,2.649325923882857
-0.8540787121011438,2.6874896457087223
-0.8837744953468154,2.7251808522101117
-0.9133221193350558,2.7624151278322784
-0.9427235606772592,2.7992071998892065
-0.971980787371846,2.8355710007734345
-1.0010957526805684,2.8715197292030012
-1.0300703918056942,2.907065901372834
-1.0589066178090412,2.9422214012018295
-1.0876063196426267,2.9769975225510033
-1.1161713594490832,3.011405010907039
-1.1446035712687206,3.045454098996249
-1.1729047594447597,3.0791545413683155
-1.2010766979637124,3.112515644380571
-1.2291211295334519,3.145546295292969
-1.2570397653261005,3.178254987714856
-1.2848342845693566,3.210649846180619
-1.312506334594746,3.242738647854885
-1.3400575307844598,3.274528843378146
-1.3674894568766123,3.3060275752567443
-1.3948036648405882,3.337241697008548
-1.4220016756557168,3.368177787567694
-1.4490849796283853,3.3988421668098154
-1.4760550365230627,3.429240910965537
-1.502913276435842,3.4593798639703857
-1.5296611000886933,3.489264650754061
-1.5562998793069578,3.5189006888885186
-1.5828309578637385,3.5482931979724466
-1.6092556518059427,3.5774472108131214
-1.635575250105581,3.606367582344238
-1.661791015327537,3.635058997946594
-1.6879041840825444,3.6635259824285247
-1.7139159677175122,3.6917729071149785
-1.7398275529044729,3.7198039970977317
-1.7656401021491221,3.7476233384629145
-1.7913547544417736,3.775234884151989
-1.8169726257927703,3.802642460243863
-1.8424948097727067,3.829849771730562
-1.8679223781105279,3.8568604075183126
-1.8932563811936731,3.8836778457951047
-1.918497848605509,3.9103054586865156
-1.9436477896827669,3.936746516394742
-1.9687071939402407,3.963004192293826
-1.993677031571192,3.9890815668299315
-2.018558254026938,4.014981630411074
-2.0433517944596837,4.040707287311134
-2.06805856809873,4.066261360008979
-2.0926794727376756,4.091646591948342
-2.117215389216526,4.116865650097814
-2.1416671818179496,4.141921128262474
-2.1660356986304223,4.166815550437094
-2.190321771987839,4.191551372963348
-2.214526218898041,4.21613098666076
-2.2386498413788822,4.240556719756848
-2.2626934268213397,4.264830840350581
-2.2866577483620443,4.288955558258045
-2.3105435652419297,4.312933026946521
-2.334351623129499,4.336765345893243
-2.3580826544456555,4.360454562516189
-2.3817373786965725,4.384002673718663
-2.405316502788476,4.40741162757833
-2.428820721317613,4.430683325312318
-2.452250716865638,4.45381962279558
-2.475607160287603,4.47682233189464
-2.498890710990397,4.49969322195076
-2.5221020171986814,4.522434021374941
-2.5452417162158922,4.545046418886143
-2.5683104346813717,4.567532064665202
-2.5913087888168453,4.589892571652331
-2.6142373846664513,4.61212951684294
-2.6370968183283288,4.634244442320198
-2.659887676180339,4.656238856201114
-2.682610535101244,4.678114233725332
-2.70526596269346,4.69987201865289
-2.727854517485117,4.721513624053914
-2.750376749128046,4.743040432976728
-2.772833198594819,4.764453799141207
-2.7952243983711775,4.78575504803201
-2.8175508726530656,4.806945478060431
-2.839813137524212,4.828026361215184
-2.862011701125161,4.848998943660612
-2.884147063822174,4.869864446336498
-2.9062197183759957,4.89062406568533
-2.928230150113895,4.9112789746541905
-2.950178837086629,4.93183032334788
-2.9720662502159647,4.952279239504187
-2.9938928534419156,4.972626828966451
-3.0156591038679,4.992874176245137
-3.03736545190971,5.013022345342802
-3.0590123414396233,5.033072380327628
-3.080600209913594,5.053025305768119
-3.102129488496983,5.072882127168545
-3.1236006021905873,5.092643831417382
-3.1450139699623016,5.112311387373957
-3.166370004874543,5.131885746430408
-3.187669114197075,5.151367842894994
-3.20891169951792,5.170758594356394
-3.2300981568540394,5.190058902052086
-3.2512288767625726,5.209269651326395
-3.2723042444563237,5.228391712128854
-3.293324639905357,5.247425939359203
-3.3142904379330216,5.2663731731840056
-3.3352020083119216,5.285234239353661
-3.3560597158616092,5.304009949555652
-3.3768639205507704,5.322701101837728
-3.397614977588634,5.341308480929195
-3.4183132375101866,5.359832858514795
-3.438959046261216,5.378274993507884
-3.459552745283271,5.396635632336409
-3.4800946716022283,5.41491550929079
-3.5005851579126275,5.433115346822207
-3.521024532653093,5.451235855782283
-3.541413120081032,5.469277735659933
-3.5617512403443934,5.487241674798265
-3.582039209552529,5.50512835062199
-3.6022773398724937,5.522938430065461
-3.6224659395979626,5.54067256979767
-3.642605313209183,5.558331416381524
-3.662695761432929,5.5759156064331155
-3.6827375813024488,5.593425766780978
-3.702731066217854,5.610862514632035
-3.7226765060182903,5.628226457868928
-3.7425741870619733,5.64551819538552
-3.7624243922834015,5.662738317244873
-3.782227401245368,5.679887404821779
-3.801983490190947,5.696966030945652
-3.821692932095487,5.713974760043426
-3.8413559967185913,5.7309141482826025
-3.8609729506593213,5.747784743748372
-3.8805440574241614,5.7645870867241245
-3.900069577482136,5.781321709875126
-3.9195497683092495,5.797989138363015
-3.9389848844326023,5.814589889958547
-3.9583751774744926,5.831124475154318
-3.9777208961965305,5.847593397277529
-3.997022286545731,5.86399715263052
-4.016279591711522,5.880336230725481
-4.035493052175379,5.896611114433044
-4.0546629057498915,5.9128222800846695
-4.073789387617255,5.928970197576685
-4.092872730367763,5.945055330474325
-4.111913164038299,5.961078136115769
-4.130910916151203,5.977039065719411
-4.149866211759346,5.992938564535104
-4.168779273491724,6.008777071999217
-4.187650321588569,6.0245550218297
-4.206479573934833,6.040272842113135
-4.225267246093704,6.055930955391788
-4.244013551340093,6.071529778750665
-4.262718700694156,6.087069723905629
-4.281382902957454,6.102551197320052
-4.300006364753782,6.117974600340556
-4.318589290561543,6.133340329282928
-4.337131882742823,6.148648775507791
-4.3556343415723955,6.163900325496287
-4.374096865266754,6.17909536092575
-4.392519650013127,6.194234258745474
-4.410902890000021,6.20931739126329
-4.429246777452317,6.224345126258375
-4.447551502660813,6.239317827063895
-4.465817254007897,6.254235852632655
-4.4840442179931115,6.269099557602413
-4.502232579258716,6.283909292361209
-4.520382520615245,6.298665403112687
-4.538494223067291,6.313368231945035
-4.556567865842623,6.328018116921259
-4.574603626420017,6.342615392157143
-4.592601680552095,6.357160387879069
-4.610562202287703,6.3716534304806665
-4.628485363994282,6.386094842579456
-4.646371336380256,6.400484943073504
-4.6642202885153985,6.414824047189584
-4.682032387847938,6.429112466519846
-4.69980780024388,6.443350509157254
-4.71754669001155,6.457538479765639
-4.735249219918821,6.471676679617879
-4.75291555121034,6.4857654066340285
-4.770545843624742,6.499804955419455
-4.7881402554118795,6.513795617302976
-4.8056989433500386,6.527737680374987
-4.823222062763167,6.541631429525599
-4.840709767539142,6.555477146489287
-4.858162210158823,6.569275109946871
-4.87557954172277,6.583025595605262
-4.892961911966902,6.596728876230313
-4.910309469277561,6.610385221681045
-4.927622360706604,6.6239948989438995
-4.9449007319864755,6.637558172166979
-4.9621447275452875,6.651075302694291
-4.9793544905218905,6.66454654909999
-4.996530162780964,6.67797216722263
-5.013671884928262,6.691352410200711
-5.030779796331195,6.7046875285350565
-5.047854035142919,6.717977770164308
-5.064894738316914,6.731223380499468
-5.081902041619577,6.744424602450935
-5.098876079642818,6.757581676455535
-5.1158169858166636,6.770694840503559
-5.132724892421854,6.783764330165793
-5.1495999306024425,6.796790378620556
-5.1664422303783875,6.809773216680731
-5.183251920658748,6.822713072824717
-5.2000291292611145,6.835610173261182
-5.216773982929922,6.848464741978279
-5.233486607347985,6.861277000766733
-5.250167127147631,6.87404716924478
-5.266815665921833,6.8867754648831125
-5.2834323462353465,6.899462103029833
-5.300017289635849,6.912107296935403
-5.316570616665064,6.924711257777594
-5.333092446869903,6.937274194686432
-5.3495828988137655,6.949796314770015
-5.36604209009104,6.962277823154237
-5.382470137342755,6.974718923026495
-5.398867156267086,6.9871198156596535
-5.415233261628983,6.999480700432941
-5.431568567269787,7.011801774852834
-5.447873186116843,7.024083234573949
-5.464147230193117,7.036325273419928
-5.480390810626818,7.0485280834043325
-5.496604037661014,7.060691854751527
-5.512787020663356,7.072816775918642
-5.5289398681381865,7.084903033630309
-5.54506268773983,7.096950812912851
-5.561155586281718,7.108960297113726
-5.577218669744726,7.1209316679196855
-5.593252043285511,7.132865105374936
-5.609255811244851,7.144760787899309
-5.62523007715598,7.1566188923064145
-5.64117494375292,7.168439593821809
-5.657090512978825,7.180223066101158
-5.672976885994419,7.191969481248966
-5.688834163188441,7.203679009845549
-5.7046624441886475,7.215351820975177
-5.720461827869666,7.226988082243219
-5.736232412360315,7.238587959791829
-5.7519742950509185,7.250151618315631
-5.7676875726006305,7.261679221077401
-5.783372340944749,7.273170929923754
-5.79902869530203,7.284626905300825
-5.814656730182018,7.2960473062699585
-5.830256539392381,7.30743229052377
-5.845828216047462,7.318782014408118
-5.861371852577777,7.330096632945286
-5.876887540736999,7.3413762998488235
-5.8923753716083445,7.352621167537143
-5.907835435610979,7.363831387147138
-5.923267822506391,7.375007108547766
-5.938672621404812,7.386148480353682
-5.954049920771592,7.397255649938823
-5.969399808433606,7.408328763450026
-5.984722371584522,7.419367965817125
-6.00001769678662,7.43037340075266
-6.015285869986586,7.441345210796287
-6.030526976525096,7.452283537339146
-6.04574110114162,7.4631885206330875
-6.060928327979241,7.474060299799874
-6.07608874058944,7.4848990128403585
-6.091222421936907,7.495704796643674
-6.106329454404335,7.506477786996418
-6.121409919797223,7.5172181185918445
-6.136463899348679,7.527925925039048
-6.151491473724216,7.538601338872148
-6.166492723026559,7.549244491559485
-6.1814677268004345,7.559855513512794
-6.196416564038625,7.570434534101345
-6.211339313193872,7.580981681687061
-6.226236052186218,7.591497083640467
-6.241106858407059,7.601980866347656
-6.255951808723377,7.612433155218544
-6.270770979481969,7.6228540746951285
-6.285564446513684,7.633243748259746
-6.300332285137636,7.643602298443319
-6.315074570165462,7.653929846833626
-6.329791375905529,7.664226514083549
-6.344482776167179,7.674492419919332
-6.359148844264953,7.684727683148837
-6.373789653022824,7.694932421669801
-6.3884052747784255,7.705106752478091
-6.402995781387754,7.715250791677981
-6.41756124423352,7.725364654504571
-6.432101734232136,7.735448455340759
-6.446617321837413,7.74550230772429
-6.461108077044063,7.755526324354289
-6.4755740693911985,7.765520617097782
-6.490015367965839,7.7754852969962265
-6.504432041406409,7.785420474272032
-6.5188241579062485,7.795326258335091
-6.533191785217098,7.805202757789302
-6.547534990652624,7.815050080439097
-6.561853841091903,7.82486833329597
-6.576148402982934,7.834657622584996
-6.590418742346185,7.844418053751598
-6.604664924780288,7.85414973147698
-6.6188870154693875,7.863852759697409
-6.6330850791866025,7.873527241609187
-6.647259180297107,7.883173279674439
-6.661409382761246,7.892790975627125
-6.675535750137664,7.902380430479068
-6.689638345586416,7.911941744525971
-6.703717231872089,7.921475017353432
-6.717772471366923,7.930980347842964
-6.731804126053928,7.940457834178017
-6.745812257530002,7.949907573849994
-6.759796927009055,7.959329663664271
-6.773758195325119,7.968724199746212
-6.787696122935512,7.978091277547321
-6.801610769925114,7.987430991855088
-6.815502196011817,7.996743436806122
-6.829370460549817,8.006028705892845
-6.843215622532294,8.015286891968533
-6.857037740594102,8.024518087252357
-6.8708368730144445,8.033722383334437
-6.884613077719553,8.04289987118087
-6.898366412285383,8.052050641138786
-6.912096933940283,8.061174782941386
-6.925804699567682,8.07027238571299
-6.93948976570877,8.079343537974069
-6.953152188565182,8.088388327646301
-6.966792024001677,8.097406842057609
-6.980409327548909,8.106399167947734
-6.994004154407409,8.115365391478482
-7.007576559451839,8.12430559824268
-7.02112659723354,8.133219873268725
-7.034654321982862,8.14210830102499
-7.048159787611492,8.15097096542419
-7.061643047714771,8.159807949827783
-7.07510415557403,8.168619337050348
-7.088543164158902,8.177405209363972
-7.10196012612966,8.18616564850263
-7.115355093839531,8.194900735666584
-7.12872811933703,8.203610551526753
-7.142079254368274,8.212295176229103
-7.155408550379318,8.220954689399045
-7.168716058518653,8.229589170146426
-7.182001829640832,8.238198697073882
-7.195265914309585,8.24678334828336
-7.208508362799925,8.255343201380018
-7.221729225100182,8.263878333476024
-7.2349285509140415,8.272388821194339
-7.248106389662578,8.280874740672502
-7.261262790486297,8.289336167566434
-7.274397802247172,8.297773177054216
-7.287511473530677,8.306185843839879
-7.300603852647827,8.314574242157196
-7.313674987637215,8.322938445773472
-7.3267249262670475,8.33127852799333
-7.339753716037185,8.339594561662512
-7.352761404181318,8.34788661917247
-7.365748037670027,8.35615477246729
-7.378713663213293,8.364399093048446
-7.391658327262303,8.37261965197812
-7.404582076011234,8.38081651988249
-7.417484955399025,8.38898976695502
-7.430367011111156,8.39713946295975
-7.443228288581431,8.405265677234572
-7.45606883299374,8.413368478694533
-7.468888689283856,8.421447935835118
-7.481687902141201,8.429504116735535
-7.4944665160106245,8.437537089062005
-7.507224575094182,8.44554692007105
-7.519962123352707,8.453533676612262
-7.532679204504538,8.461497425123978
-7.545375862029964,8.469438231643563
-7.5580521391767945,8.477356161820424
-7.570708078961799,8.485251280918572
-7.5833437241720345,8.493123653818863
-7.5959591173661485,8.500973345021217
-7.608554300875701,8.508800418646864
-7.6211293168064715,8.516604938440562
-7.633684207039782,8.524386967772836
-7.646219013233806,8.532146569642206
-7.658733776824885,8.539883806677421
-7.671228539028837,8.547598741139685
-7.683703340842284,8.555291434924895
-7.6961582230439545,8.562961949565869
-7.708593226196005,8.570610346234577
-7.72100839064533,8.578236685744377
-7.733403756524879,8.585841028552236
-7.745779363754972,8.593423434760973
-7.758135252044723,8.600983964121827
-7.770471460895717,8.608522676043624
-7.7827880296057135,8.616039629601177
-7.79508499726954,8.623534883535974
-7.807362402780231,8.631008496258112
-7.819620284830194,8.6384605258483
-7.8318586819123714,8.645891030059879
-7.84407763232141,8.653300066320812
-7.856277174154822,8.660687691735705
-7.86845734531414,8.6680539630878
-7.880618183506101,8.675398936840997
-7.892759726243794,8.682722669141851
-7.904882010847831,8.690025215821585
-7.916985074447507,8.69730663239809
-7.929068953981972,8.704566974077938
-7.9411336862013835,8.711806295758388
-7.9531793076680835,8.719024652029386
-7.965205854757754,8.726222097175587
-7.977213363660577,8.733398685178342
-7.989201870382413,8.740554469717742
-8.001171410746537,8.74768950417642
-8.013122020396825,8.754803841646789
-8.025053734799418,8.761897534934281
-8.036966589243686,8.768970636558965
-8.048860618843197,8.776023198757127
-8.060735858536663,8.783055273482868
-8.072592343088896,8.790066912409674
-8.084430107091782,8.797058166932032
-8.096249184965224,8.804029088166999
-8.108049610958101,8.810979726955795
-8.119831419149238,8.817910133865398
-8.131594643448345,8.824820359190129
-8.143339317596995,8.831710452953239
-8.155065475169565,8.838580464908505
-8.166773149574203,8.845430444541806
-8.178462374053781,8.852260441072731
-8.190133181686864,8.85907050345615
-8.201785605388649,8.865860680383816
-8.213419677912045,8.872631020286295
-8.225035431850154,8.879381571339312
-8.236632899638378,8.886112381467987
-8.248212113555098,8.892823498347289
-8.259773105722523,8.899514969403494
-8.27131590810754,8.906186841815629
-8.282840552522588,8.91283916251695
-8.294347070626493,8.919471978196398
-8.30583549392534,8.926085335300069
-8.317305853773323,8.932679280032666
-8.328758181373606,8.939253858358974
-8.340192507779175,8.945809116005318
-8.351608863893693,8.952345098461027
-8.363007280472365,8.958861850979897
-8.374387788122784,8.965359418581656
-8.385750417305795,8.971837846053425
-8.397095198336354,8.97829717795119
-8.408422161384374,8.984737458601245
-8.41973133647559,8.991158732101683
-8.43102275349243,8.997561042323891
-8.442296442175405,9.003944432915416
-8.453552432124894,9.010308947303722
-8.464790752802095,9.01665462869788
-8.476011433529745,9.022981520089793
-8.487214503492869,9.029289664255419
-8.498399991739499,9.035579103756005
-8.509567927181422,9.041849880939306
-8.520718338594907,9.048102037940827
-8.531851254621442,9.054335616685032
-8.54296670376846,9.060550658886584
-8.554064714410089,9.066747206051566
-8.565145314787872,9.072925299478717
-8.57620853301151,9.079084980260648
-8.58725439705959,9.085226289285076
-8.598282934780325,9.091349267236053
-8.609294173892282,9.097453954595185
-8.620288141985123,9.10354039164287
-8.631264866520336,9.10960861845952
-8.642224374831986,9.11565867492691
-8.653166694127936,9.121690600731055
-8.664091851491278,9.1277044353649
-8.674999873881093,9.133700218129436
-8.68589078813309,9.139677988134766
-8.69676462096024,9.145637784301176
-8.707621398953414,9.151579645360199
-8.718461148582016,9.15750360985568
-8.729283896194618,9.163409716144848
-8.740089668019603,9.169298002399374
-8.750878490165793,9.175168506606452
-8.761650388623085,9.181021266569855
-8.772405389263094,9.186856319911005
-8.783143517839783,9.192673704070039
-8.793864799990095,9.19847345630688
-8.804569261234603,9.204255613702303
-8.815256926978126,9.210020213158995
-8.825927822510382,9.21576729140263
-8.836581973006616,9.221496884982933
-8.84721940352826,9.227209030274828
-8.857840139023985,9.232903763480538
-8.86844420433081,9.238581120631768
-8.87903162417474,9.244241137590727
-8.889602423171315,9.249883850051072
-8.900156625826163,9.255509293538807
-8.910694256535567,9.26111750341323
-8.921215339587011,9.26670851486783
-8.93171989915974,9.272282362931232
-8.94220795932532,9.277839082468105
-8.952679544048182,9.283378708180093
-8.963134677186193,9.28890127460673
-8.973573382491209,9.294406816126367
-8.983995683609615,9.299895366957097
-8.994401604082904,9.305366961157672
-9.004791167348218,9.310821632628427
-9.015164396738912,9.316259415112205
-9.025521315485104,9.321680342195277
-9.035861946714238,9.327084447308268
-9.046186313451638,9.332471763727131
-9.056494438621302,9.337842324574847
-9.066786345046872,9.343196162823151
-9.07706205545219,9.348533311293435
-9.087321592461798,9.353853802657538
-9.097564978601412,9.359157669438558
-9.10779223629841,9.364444944011645
-9.118003387882315,9.369715658604806
-9.128198455585276,9.374969845299699
-9.138377461542559,9.380207536032444
-9.14854042779303,9.385428762594413
-9.158687376279627,9.390633556633032
-9.168818328849865,9.395821949652593
-9.178933307256303,9.400993973015037
-9.189032333157039,9.406149657940768
-9.199115428116187,9.411289035509448
-9.209182613604362,9.416412136660798
-9.219233910999172,9.421518992195397
-9.229269341585693,9.426609632775486
-9.239288926556428,9.431684088924655
-9.249292687010152,9.436742391025197
-9.259280643955051,9.441784569324607
-9.269252818310054,9.44681065393821
-9.279209230905185,9.451820674849701
-9.289149902481919,9.456814661911704
-9.29907485369354,9.461792644846307
-9.308984105105493,9.466754653245612
-9.318877677195731,9.471700716572286
-9.328755590355081,9.476630864160105
-9.338617864887592,9.481545125214497
-9.34846452101089,9.486443528813098
-9.35829557885653,9.491326103906285
-9.36811105847036,9.496192879317743
-9.377910979812862,9.501043883744988
-9.387695362759516,9.505879145759929
-9.397464227101148,9.510698693809418
-9.407217592544288,9.515502556215779
-9.416955478711523,9.520290761177375
-9.426677905141858,9.52506333676914
-9.436384891291054,9.529820310943135
-9.446076456532,9.53456171152909
-9.455752620155057,9.53928756623495
-9.465413401368414,9.543997902647424
-9.475058819298448,9.548692748232538
-9.484688892990066,9.553372130336166
-9.494303641407335,9.558036076185232
-9.503903083435336,9.562684612891822
-9.51348723788071,9.567317767453932
-9.52305612347178,9.57193556675546
-9.532609758858879,9.576538037566705
-9.542148162614646,9.58112520654485
-9.551671353234363,9.58569710023447
-9.561179349136248,9.590253745068003
-9.570672168661787,9.594795167366263
-9.580149830076039,9.599321393338915
-9.58961235156795,9.603832449084983
-9.599059751250678,9.60832836059333
-9.608492047161892,9.612809153743152
-9.617909257264099,9.617274854304476
-9.627311399444954,9.62172548793865
-9.636698491517576,9.62616108019883
-9.646070551220857,9.630581656530477
-9.655427596219788,9.634987242271851
-9.66476964410576,9.639377862654499
-9.67409671239689,9.643753542803747
-9.68340881853833,9.648114307739199
-9.692705979902584,9.652460182375217
-9.701988213789818,9.656791191521426
-9.711255537428181,9.6611073598832
-9.720507967974115,9.66540871206215
-9.729745522512667,9.669695272556629
-9.738968218057817,9.673967065762232
-9.748176071553177,9.678224115973293
-9.75736909987307,9.682466447384934
-9.7665473198229,9.6866940840937
-9.775710748139405,9.690907050097946
-9.784859401490925,9.695105369298226
-9.793993296477652,9.699289065497686
-9.803112449631888,9.703458162402452
-9.812216877418306,9.707612683622026
-9.821306596234201,9.711752652669663
-9.830381622409753,9.715878092962777
-9.839441972208279,9.719989027823322
-9.848487661826494,9.72408548047818
-9.85751870739477,9.728167474059562
-9.866535124977379,9.732235031605383
-9.87553693057277,9.736288176059666
-9.884524140113816,9.740326930272929
-9.893496769468072,9.744351317002563
-9.90245483443803,9.748361358913243
-9.91139835076138,9.752357078577301
-9.920327334111263,9.756338498475124
-9.929241800096536,9.760305640995542
-9.938141764262017,9.764258528436219
-9.947027242088755,9.768197183004043
-9.955898248994274,9.772121626815515
-9.964754800332845,9.776031881897143
-9.973596911395896,9.779927970186282
-9.98242459741314,9.783809913533693
-9.991237873552883,9.787677733703793
-10.000036754922178,9.791531452374716
-10.008821256567042,9.79537109113868
-10.017591393472689,9.79919667150233
-10.02634718056376,9.803008214887104
-10.035088632704559,9.8068057426296
-10.043815764699271,9.810589275981915
-10.0525285912922,9.814358836112023
-10.061227127167996,9.818114444104118
-10.069911386951885,9.82185612095898
-10.078581385209901,9.825583887594334
-10.087237136449104,9.829297764845203
-10.09587865511783,9.83299777346427
-10.104505955605902,9.836683934122236
-10.11311905224487,9.840356267408177
-10.12171795930824,9.844014793829905
-10.130302691011696,9.847659533814321
-10.138873261513341,9.851290507707777
-10.147429684913915,9.854907735776438
-10.155971975257033,9.858511238206631
-10.164500146529413,9.862101035105209
-10.173014212661101,9.86567714649991
-10.18151418752571,9.869239592339715
-10.19000008494064,9.8727883924952
-10.198471918668163,9.876323566760604
-10.206929702417828,9.879845134858517
-10.215373449843696,9.883353116434403
-10.223803174543837,9.886847531055476
-10.232218890060697,9.890328398211363
-10.240620609881482,9.893795737314756
-10.249008347438535,9.897249567702062
-10.257382116109708,9.90068990863407
-10.26574192921875,9.904116779296592
-10.274087800035666,9.90753019880113
-10.282419741777115,9.910930186185523
-10.290737767606773,9.914316760414605
-10.299041890635714,9.917689940380857
-10.307332123922787,9.921049744905064
-10.315608480475,9.924396192736973
-10.323870973247883,9.927729302555942
-10.332119615145883,9.9310490929716
-10.340354419022608,9.934355582524274
-10.348575397677914,9.937648789679224
-10.356782563857559,9.940928732825936
-10.364975930256897,9.944195430285246
-10.37315550952116,9.947448900309803
-10.381321314245524,9.950689161084123
-10.389473356975168,9.953916230724632
-10.39761165020534,9.957130127279736
-10.405736206381425,9.96033086872986
-10.413847037899007,9.963518472987502
-10.421944157103937,9.966692957897292
-10.43002757629239,9.969854341236037
-10.438097307710946,9.97300264071278
-10.44615336355663,9.976137873968849
-10.454195755977008,9.979260058577912
-10.462224497070224,9.982369212046027
-10.470239598885078,9.985465351811698
-10.478241073421094,9.988548495245922
-10.471118559647564,9.985804412854083
